Emp ID,Last Name,First Name,SSN4,Birth Date,Type,Hire Date,Term Date,Division,Medical Plan,Cov Lvl
RW1806,Anderson,Derek,2416,7/16/1985,EE,1/10/2008,,Plant 2,HSA,EMP ONLY
RW2550,Anderson,Brian,6986,9/28/1972,EE,10/17/2016,,Plant 2,HSA,EMP+CHILD(REN)
RW2550,Anderson,Wyatt,,3/18/2015,CH,,,Plant 2,HSA,EMP+CHILD(REN)
RW2550,Anderson,Mason,,6/25/2017,CH,,,Plant 2,HSA,EMP+CHILD(REN)
RW3585,Anderson,Luis,1442,12/10/1993,EE,12/24/2012,,Plant 1,PPO,FAMILY
RW3585,Anderson,Karen,7610,9/8/1995,SP,,,Plant 1,PPO,FAMILY
RW3585,Anderson,Emma,,11/23/2016,CH,,,Plant 1,PPO,FAMILY
RW3585,Anderson,Eli,,1/13/2020,CH,,,Plant 1,PPO,FAMILY
RW4219,Anderson,Gavin,4709,6/25/1994,EE,5/25/2017,,Plant 1,PPO,EMP ONLY
RW1996,Baker,Jason,3440,11/26/1999,EE,10/28/2012,,Plant 2,PPO,EMP ONLY
RW2335,Baker,James,9152,8/19/1982,EE,6/22/2023,,Plant 1,PPO,EMP+SPOUSE
RW2335,Baker,Brenda,3797,10/17/1984,SP,,,Plant 1,PPO,EMP+SPOUSE
RW3135,Baker,Michael,6119,3/16/1973,EE,10/5/2021,,Plant 1,PPO,EMP+CHILD(REN)
RW3135,Baker,Mason,,3/9/2002,CH,,,Plant 1,PPO,EMP+CHILD(REN)
RW3135,Baker,Lily,,8/9/2011,CH,,,Plant 1,PPO,EMP+CHILD(REN)
RW3135,Baker,Liam,,4/3/2017,CH,,,Plant 1,PPO,EMP+CHILD(REN)
RW3205,Baker,Michelle,2797,10/23/1993,EE,9/22/2019,,Plant 1,PPO,EMP ONLY
RW3786,Baker,Kevin,3539,6/5/1970,EE,6/18/2024,,Plant 2,HSA,EMP ONLY
RW4142,Baker,Monica,9952,9/7/1979,EE,11/14/2018,,Plant 2,PPO,FAMILY
RW4142,Baker,Aaron,6769,1/13/1978,SP,,,Plant 2,PPO,FAMILY
RW4142,Baker,Ethan,,10/14/2005,CH,,,Plant 2,PPO,FAMILY
RW4142,Baker,Sophia,,12/9/2008,CH,,,Plant 2,PPO,FAMILY
RW4142,Baker,Emma,,6/19/2021,CH,,,Plant 2,PPO,FAMILY
RW3010,Barrett,Daniel,3803,6/13/2003,EE,3/20/2019,,Plant 1,HSA,EMP+CHILD(REN)
RW3010,Barrett,Nora,,12/13/2024,CH,,,Plant 1,HSA,EMP+CHILD(REN)
RW3010,Barrett,Jack,,8/4/2025,CH,,,Plant 1,HSA,EMP+CHILD(REN)
RW2697,Barros,Miguel,7320,11/23/1988,EE,8/25/2026,,Office,PPO,EMP+CHILD(REN)
RW2697,Barros,Sofia,,6/2/2019,CH,,,Office,PPO,EMP+CHILD(REN)
RW1734,Bishop,Ryan,8058,5/14/1993,EE,4/23/2012,,Plant 1,PPO,FAMILY
RW1734,Bishop,Rachel,8086,2/13/1994,SP,,,Plant 1,PPO,FAMILY
RW1734,Bishop,Caleb,,9/24/2016,CH,,,Plant 1,PPO,FAMILY
RW1734,Bishop,Lucas,,10/25/2016,CH,,,Plant 1,PPO,FAMILY
RW3062,Carter,Jason,8354,12/17/1990,EE,4/2/2009,,Plant 2,PPO,EMP+SPOUSE
RW3062,Carter,Crystal,2579,12/13/1988,SP,,,Plant 2,PPO,EMP+SPOUSE
RW3378,Carter,Scott,9728,8/14/1993,EE,3/26/2021,,Office,HSA,EMP ONLY
RW1782,Chandler,David,3916,6/16/1988,EE,10/21/2016,,Plant 1,PPO,EMP ONLY
RW2095,Chandler,Megan,9784,3/20/1969,EE,1/14/2014,,Office,PPO,EMP+SPOUSE
RW2095,Chandler,Eric,1799,8/19/1972,SP,,,Office,PPO,EMP+SPOUSE
RW2788,Chandler,Ashley,5610,12/11/1972,EE,6/2/2017,,Plant 1,PPO,EMP ONLY
RW3087,Chandler,Monica,6326,8/11/1972,EE,8/20/2017,,Plant 2,HSA,FAMILY
RW3087,Chandler,Scott,6564,3/3/1971,SP,,,Plant 2,HSA,FAMILY
RW3087,Chandler,Sophia,,7/21/2009,CH,,,Plant 2,HSA,FAMILY
RW3087,Chandler,Ethan,,10/7/2022,CH,,,Plant 2,HSA,FAMILY
RW3087,Chandler,Ella,,8/8/2025,CH,,,Plant 2,HSA,FAMILY
RW3152,Chandler,Michael,2610,5/10/1988,EE,6/18/2022,,Plant 2,PPO,EMP+SPOUSE
RW3152,Chandler,Jennifer,2319,2/17/1992,SP,,,Plant 2,PPO,EMP+SPOUSE
RW1963,Coleman,Gavin,6077,2/4/2004,EE,7/1/2016,,Plant 1,HSA,FAMILY
RW1963,Coleman,Amber,6739,8/20/2003,SP,,,Plant 1,HSA,FAMILY
RW1963,Coleman,Ruby,,6/20/2025,CH,,,Plant 1,HSA,FAMILY
RW1963,Coleman,Levi,,10/15/2025,CH,,,Plant 1,HSA,FAMILY
RW1963,Coleman,Liam,,11/4/2025,CH,,,Plant 1,HSA,FAMILY
RW2164,Coleman,Robert,1753,1/15/1986,EE,6/27/2021,,Plant 2,PPO,EMP+CHILD(REN)
RW2164,Coleman,Grace,,4/3/2019,CH,,,Plant 2,PPO,EMP+CHILD(REN)
RW2164,Coleman,Ethan,,5/18/2022,CH,,,Plant 2,PPO,EMP+CHILD(REN)
RW2164,Coleman,Ella,,1/4/2022,CH,,,Plant 2,PPO,EMP+CHILD(REN)
RW4148,Coleman,Jennifer,8803,10/13/1984,EE,10/6/2015,,Plant 1,PPO,EMP+SPOUSE
RW4148,Coleman,Jose,9682,8/7/1988,SP,,,Plant 1,PPO,EMP+SPOUSE
RW1415,Dawson,Teresa,4561,7/4/1994,EE,1/18/2019,,Plant 1,HSA,EMP ONLY
RW4670,Dawson,Jennifer,9380,12/3/1981,EE,9/23/2008,,Plant 2,PPO,EMP ONLY
RW4964,Dawson,Scott,4485,6/6/1999,EE,3/8/2014,,Plant 2,HSA,EMP+SPOUSE
RW4964,Dawson,Monica,7913,8/28/1997,SP,,,Plant 2,HSA,EMP+SPOUSE
RW3232,Diaz,Aaron,5064,7/4/1998,EE,11/3/2021,,Plant 2,HSA,EMP ONLY
RW3781,Diaz,Scott,3471,12/28/1984,EE,8/2/2015,,Plant 2,PPO,EMP ONLY
RW2902,Duffy,Linda,2102,7/17/1986,EE,5/27/2009,,Plant 2,PPO,EMP+CHILD(REN)
RW2902,Duffy,Grace,,2/23/2017,CH,,,Plant 2,PPO,EMP+CHILD(REN)
RW2902,Duffy,Wyatt,,12/22/2022,CH,,,Plant 2,PPO,EMP+CHILD(REN)
RW2902,Duffy,Olivia,,9/28/2024,CH,,,Plant 2,PPO,EMP+CHILD(REN)
RW3357,Duffy,Marcus,5681,5/10/1963,EE,1/3/2010,,Plant 2,HSA,EMP+SPOUSE
RW3357,Duffy,Laura,2058,2/12/1962,SP,,,Plant 2,HSA,EMP+SPOUSE
RW3474,Duffy,Jason,7457,8/5/1999,EE,5/15/2017,,Office,PPO,EMP ONLY
RW4919,Duffy,Heather,9290,6/27/1990,EE,5/26/2024,,Office,PPO,EMP+CHILD(REN)
RW4919,Duffy,Ella,,7/13/2017,CH,,,Office,PPO,EMP+CHILD(REN)
RW4919,Duffy,Lily,,1/14/2022,CH,,,Office,PPO,EMP+CHILD(REN)
RW4925,Duffy,Denise,9269,5/3/1973,EE,4/16/2025,,Office,PPO,EMP ONLY
RW1521,Edwards,Monica,7490,9/14/1993,EE,4/7/2009,,Plant 2,HSA,EMP+CHILD(REN)
RW1521,Edwards,Olivia,,12/16/2021,CH,,,Plant 2,HSA,EMP+CHILD(REN)
RW1521,Edwards,Sophia,,9/7/2022,CH,,,Plant 2,HSA,EMP+CHILD(REN)
RW1521,Edwards,Zoe,,3/19/2024,CH,,,Plant 2,HSA,EMP+CHILD(REN)
RW4838,Edwards,Kimberly,1185,1/11/2001,EE,2/7/2021,,Plant 2,PPO,FAMILY
RW4838,Edwards,Mark,1454,2/9/2000,SP,,,Plant 2,PPO,FAMILY
RW4838,Edwards,Ella,,9/24/2023,CH,,,Plant 2,PPO,FAMILY
RW4838,Edwards,Wyatt,,1/12/2024,CH,,,Plant 2,PPO,FAMILY
RW2489,Ellison,Travis,7917,2/13/1963,EE,1/28/2017,,Plant 2,PPO,EMP+CHILD(REN)
RW2489,Ellison,Jack,,8/13/2006,CH,,,Plant 2,PPO,EMP+CHILD(REN)
RW2489,Ellison,Ava,,5/28/2009,CH,,,Plant 2,PPO,EMP+CHILD(REN)
RW2489,Ellison,Henry,,9/26/2012,CH,,,Plant 2,PPO,EMP+CHILD(REN)
RW2919,Ellison,Karen,7554,4/17/1983,EE,4/11/2023,,Plant 1,PPO,EMP ONLY
RW3667,Ellison,Maria,6948,4/18/1968,EE,12/14/2023,,Plant 2,HSA,FAMILY
RW3667,Ellison,Paul,9598,7/18/1967,SP,,,Plant 2,HSA,FAMILY
RW3667,Ellison,Ruby,,1/14/2005,CH,,,Plant 2,HSA,FAMILY
RW1442,Fischer,Andre,5438,7/2/1985,EE,11/19/2024,,Plant 1,PPO,EMP+SPOUSE
RW1442,Fischer,Lisa,9411,8/22/1986,SP,,,Plant 1,PPO,EMP+SPOUSE
RW2480,Fischer,Steven,1346,5/19/1975,EE,7/24/2015,,Plant 2,HSA,EMP+CHILD(REN)
RW2480,Fischer,Zoe,,6/14/2024,CH,,,Plant 2,HSA,EMP+CHILD(REN)
RW2480,Fischer,Caleb,,10/14/2025,CH,,,Plant 2,HSA,EMP+CHILD(REN)
RW2545,Fischer,Nathan,5976,10/22/1982,EE,11/9/2008,,Plant 1,HSA,FAMILY
RW2545,Fischer,Tanya,3943,12/18/1982,SP,,,Plant 1,HSA,FAMILY
RW2545,Fischer,Emma,,12/6/2015,CH,,,Plant 1,HSA,FAMILY
RW4550,Fischer,Andre,6091,4/24/1964,EE,6/14/2016,,Office,PPO,FAMILY
RW4550,Fischer,Brenda,9581,9/14/1966,SP,,,Office,PPO,FAMILY
RW4550,Fischer,Liam,,5/17/2006,CH,,,Office,PPO,FAMILY
RW4550,Fischer,Henry,,5/14/2011,CH,,,Office,PPO,FAMILY
RW1387,Fleming,Derek,8041,4/9/1974,EE,1/10/2012,,Plant 1,PPO,EMP+CHILD(REN)
RW1387,Fleming,Ella,,12/10/2020,CH,,,Plant 1,PPO,EMP+CHILD(REN)
RW1387,Fleming,Zoe,,4/11/2021,CH,,,Plant 1,PPO,EMP+CHILD(REN)
RW1387,Fleming,Levi,,2/7/2025,CH,,,Plant 1,PPO,EMP+CHILD(REN)
RW2841,Fleming,Sandra,9032,11/11/1967,EE,2/10/2010,,Plant 1,PPO,EMP ONLY
RW1543,Forbes,Mark,5320,2/14/1968,EE,10/9/2017,,Plant 1,PPO,EMP+CHILD(REN)
RW1543,Forbes,Ava,,1/25/2004,CH,,,Plant 1,PPO,EMP+CHILD(REN)
RW4122,Forbes,Travis,4709,4/21/2000,EE,2/21/2023,,Plant 1,HSA,FAMILY
RW4122,Forbes,Michelle,2191,6/18/1998,SP,,,Plant 1,HSA,FAMILY
RW4122,Forbes,Liam,,11/14/2021,CH,,,Plant 1,HSA,FAMILY
RW4122,Forbes,Levi,,1/25/2021,CH,,,Plant 1,HSA,FAMILY
RW4188,Forbes,Travis,9480,10/26/1989,EE,2/4/2023,,Office,HSA,EMP+CHILD(REN)
RW4188,Forbes,Eli,,3/28/2021,CH,,,Office,HSA,EMP+CHILD(REN)
RW4188,Forbes,Wyatt,,1/6/2025,CH,,,Office,HSA,EMP+CHILD(REN)
RW4233,Forbes,Daniel,3932,3/9/1995,EE,11/28/2009,,Plant 1,HSA,EMP ONLY
RW1377,Garcia,Nancy,8392,10/18/1981,EE,3/15/2021,,Plant 1,PPO,FAMILY
RW1377,Garcia,Adam,2360,4/4/1982,SP,,,Plant 1,PPO,FAMILY
RW1377,Garcia,Liam,,11/12/2004,CH,,,Plant 1,PPO,FAMILY
RW1377,Garcia,Ethan,,10/19/2004,CH,,,Plant 1,PPO,FAMILY
RW1377,Garcia,Henry,,1/11/2021,CH,,,Plant 1,PPO,FAMILY
RW1627,Garcia,Laura,3200,1/4/1968,EE,10/16/2022,,Plant 2,PPO,FAMILY
RW1627,Garcia,Eric,2505,9/28/1970,SP,,,Plant 2,PPO,FAMILY
RW1627,Garcia,Emma,,2/25/2002,CH,,,Plant 2,PPO,FAMILY
RW1627,Garcia,Liam,,9/4/2006,CH,,,Plant 2,PPO,FAMILY
RW3492,Garcia,Ryan,1790,12/22/1996,EE,4/12/2025,,Office,PPO,EMP ONLY
RW4415,Garcia,Ryan,1392,5/14/2000,EE,1/5/2020,,Plant 2,PPO,EMP ONLY
RW4820,Garcia,Sandra,8833,2/3/1967,EE,3/20/2023,,Office,PPO,FAMILY
RW4820,Garcia,Daniel,1065,5/5/1963,SP,,,Office,PPO,FAMILY
RW4820,Garcia,Ethan,,10/10/2011,CH,,,Office,PPO,FAMILY
RW4820,Garcia,Emma,,7/21/2021,CH,,,Office,PPO,FAMILY
RW2438,Gentry,Amber,1639,11/20/1982,EE,2/2/2012,,Plant 1,PPO,EMP ONLY
RW2091,Graves,Teresa,1129,3/13/1987,EE,9/5/2010,,Plant 2,HSA,FAMILY
RW2091,Graves,Michael,7066,9/23/1985,SP,,,Plant 2,HSA,FAMILY
RW2091,Graves,Henry,,2/2/2025,CH,,,Plant 2,HSA,FAMILY
RW4447,Graves,Anthony,1703,5/28/1999,EE,5/20/2015,,Plant 2,PPO,EMP ONLY
RW1256,Hale,Karen,9157,1/15/1977,EE,11/15/2008,,Plant 2,PPO,EMP ONLY
RW1686,Hale,Ryan,4580,12/27/1988,EE,5/12/2024,,Plant 1,HSA,EMP ONLY
RW2809,Hale,Megan,3090,7/9/1982,EE,10/13/2021,,Office,HSA,EMP ONLY
RW3515,Hale,Tyler,9031,5/9/1996,EE,2/21/2016,,Office,PPO,EMP+SPOUSE
RW3515,Hale,Denise,8284,7/2/1994,SP,,,Office,PPO,EMP+SPOUSE
RW4115,Hale,Amber,7329,12/12/1977,EE,10/13/2018,,Plant 2,PPO,EMP+SPOUSE
RW4115,Hale,Ryan,5113,1/12/1974,SP,,,Plant 2,PPO,EMP+SPOUSE
RW3398,Holloway,Jenna,3583,4/8/1996,EE,8/18/2026,,Plant 1,PPO,EMP ONLY
RW2675,Holt,Brian,9949,1/16/2004,EE,10/13/2024,,Plant 1,PPO,EMP ONLY
RW3860,Holt,Mary,6386,1/6/2002,EE,6/19/2011,,Plant 1,PPO,EMP ONLY
RW4489,Holt,Donna,6351,1/25/1974,EE,4/21/2009,,Plant 1,HSA,EMP ONLY
RW4930,Holt,Steven,5112,9/13/1995,EE,11/16/2022,,Plant 2,PPO,EMP ONLY
RW2281,Hughes,Carlos,8578,9/2/1963,EE,8/1/2025,,Plant 1,HSA,EMP+SPOUSE
RW2281,Hughes,Susan,4822,12/21/1964,SP,,,Plant 1,HSA,EMP+SPOUSE
RW4888,Hughes,Angela,1567,4/21/1969,EE,6/23/2009,,Plant 2,PPO,EMP+CHILD(REN)
RW4888,Hughes,Jack,,3/21/2023,CH,,,Plant 2,PPO,EMP+CHILD(REN)
RW4888,Hughes,Liam,,5/7/2023,CH,,,Plant 2,PPO,EMP+CHILD(REN)
RW4888,Hughes,Chloe,,5/20/2025,CH,,,Plant 2,PPO,EMP+CHILD(REN)
RW1608,Irwin,Ryan,4222,7/1/1994,EE,9/14/2017,,Plant 2,PPO,EMP+CHILD(REN)
RW1608,Irwin,Owen,,3/19/2026,CH,,,Plant 2,PPO,EMP+CHILD(REN)
RW3724,Irwin,Adam,8713,6/11/1997,EE,5/16/2011,,Plant 2,PPO,EMP+CHILD(REN)
RW3724,Irwin,Grace,,6/4/2022,CH,,,Plant 2,PPO,EMP+CHILD(REN)
RW3724,Irwin,Henry,,7/13/2025,CH,,,Plant 2,PPO,EMP+CHILD(REN)
RW3784,Irwin,Angela,7781,11/20/1982,EE,12/2/2013,,Plant 1,PPO,EMP ONLY
RW3800,Irwin,Anthony,7502,5/26/1990,EE,11/23/2008,,Plant 2,PPO,EMP+CHILD(REN)
RW3800,Irwin,Mia,,1/9/2025,CH,,,Plant 2,PPO,EMP+CHILD(REN)
RW4476,Irwin,Travis,6025,10/2/1988,EE,1/18/2011,,Office,HSA,FAMILY
RW4476,Irwin,Laura,7235,9/26/1984,SP,,,Office,HSA,FAMILY
RW4476,Irwin,Sophia,,6/18/2013,CH,,,Office,HSA,FAMILY
RW4476,Irwin,Ella,,5/2/2017,CH,,,Office,HSA,FAMILY
RW4476,Irwin,Eli,,2/5/2022,CH,,,Office,HSA,FAMILY
RW3652,Jacobs,David,6698,8/16/1984,EE,7/9/2010,,Plant 1,PPO,FAMILY
RW3652,Jacobs,Susan,9502,6/22/1985,SP,,,Plant 1,PPO,FAMILY
RW3652,Jacobs,Nora,,2/25/2023,CH,,,Plant 1,PPO,FAMILY
RW3652,Jacobs,Caleb,,8/25/2023,CH,,,Plant 1,PPO,FAMILY
RW4514,Jensen,Aaron,2272,5/12/1984,EE,12/9/2021,,Plant 1,PPO,EMP ONLY
RW2591,Keller,Kimberly,1154,10/21/1992,EE,5/12/2025,,Plant 1,HSA,EMP ONLY
RW2608,Keller,Daniel,6478,4/9/2003,EE,7/25/2025,,Office,PPO,EMP ONLY
RW4678,Keller,Brian,9080,7/11/1990,EE,9/11/2024,,Office,PPO,EMP+SPOUSE
RW4678,Keller,Lisa,4219,4/28/1987,SP,,,Office,PPO,EMP+SPOUSE
RW1545,Kramer,Mark,9341,7/24/1997,EE,10/1/2011,,Plant 1,PPO,EMP ONLY
RW1779,Kramer,Karen,6660,7/2/1963,EE,11/4/2020,,Plant 2,HSA,EMP ONLY
RW3207,Kramer,Paul,2566,3/11/1975,EE,2/18/2019,,Plant 1,PPO,EMP+CHILD(REN)
RW3207,Kramer,Zoe,,10/22/2019,CH,,,Plant 1,PPO,EMP+CHILD(REN)
RW3886,Kramer,Luis,2680,12/20/1974,EE,3/27/2015,,Plant 2,HSA,EMP ONLY
RW4208,Kramer,Derek,9975,12/25/1972,EE,10/20/2015,,Office,PPO,EMP ONLY
RW1373,Lambert,Daniel,5361,2/15/1978,EE,4/9/2022,,Plant 1,PPO,EMP ONLY
RW1696,Lambert,Susan,7642,2/26/1994,EE,4/19/2019,,Plant 2,HSA,EMP+CHILD(REN)
RW1696,Lambert,Wyatt,,1/8/2019,CH,,,Plant 2,HSA,EMP+CHILD(REN)
RW2094,Lambert,Tyler,1430,6/20/2002,EE,4/28/2017,,Plant 2,PPO,EMP ONLY
RW2121,Lambert,Jose,4511,4/1/1984,EE,9/26/2011,,Plant 1,PPO,EMP+SPOUSE
RW2121,Lambert,Linda,8440,7/18/1983,SP,,,Plant 1,PPO,EMP+SPOUSE
RW3001,Lambert,Daniel,6337,6/21/1972,EE,5/25/2014,,Plant 1,PPO,EMP+SPOUSE
RW3001,Lambert,Laura,9727,4/5/1968,SP,,,Plant 1,PPO,EMP+SPOUSE
RW1566,Lopez,Adam,8215,1/17/1982,EE,1/3/2015,,Plant 2,PPO,EMP+CHILD(REN)
RW1566,Lopez,Olivia,,8/1/2011,CH,,,Plant 2,PPO,EMP+CHILD(REN)
RW1566,Lopez,Mason,,8/20/2015,CH,,,Plant 2,PPO,EMP+CHILD(REN)
RW1566,Lopez,Levi,,10/23/2020,CH,,,Plant 2,PPO,EMP+CHILD(REN)
RW2380,Lopez,Anthony,5569,11/21/1965,EE,9/7/2013,,Plant 2,PPO,EMP ONLY
RW2184,Mercer,Angela,2771,7/8/1965,EE,9/21/2025,,Plant 1,PPO,EMP ONLY
RW2472,Mercer,Tyler,3807,5/27/1973,EE,1/10/2020,,Plant 1,PPO,EMP+SPOUSE
RW2472,Mercer,Laura,9513,5/22/1972,SP,,,Plant 1,PPO,EMP+SPOUSE
RW3286,Mercer,Carlos,3255,3/5/1985,EE,2/23/2025,,Plant 2,HSA,EMP ONLY
RW3382,Morales,Michelle,7731,2/24/1975,EE,12/13/2024,,Plant 1,PPO,EMP ONLY
RW4217,Morales,Maria,3256,3/22/1963,EE,3/21/2008,,Plant 2,PPO,FAMILY
RW4217,Morales,Gavin,4047,5/14/1961,SP,,,Plant 2,PPO,FAMILY
RW4217,Morales,Lily,,7/10/2010,CH,,,Plant 2,PPO,FAMILY
RW4217,Morales,Wyatt,,3/12/2016,CH,,,Plant 2,PPO,FAMILY
RW4217,Morales,Olivia,,5/15/2020,CH,,,Plant 2,PPO,FAMILY
RW4893,Morales,Lisa,9572,12/14/1985,EE,3/16/2021,,Plant 2,PPO,EMP+CHILD(REN)
RW4893,Morales,Ruby,,2/10/2020,CH,,,Plant 2,PPO,EMP+CHILD(REN)
RW1611,Nash,Maria,8639,2/18/1992,EE,2/3/2013,,Plant 2,PPO,EMP ONLY
RW2646,Nash,Megan,4318,5/27/1985,EE,12/16/2024,,Plant 2,PPO,FAMILY
RW2646,Nash,Paul,1151,3/21/1989,SP,,,Plant 2,PPO,FAMILY
RW2646,Nash,Ella,,8/17/2010,CH,,,Plant 2,PPO,FAMILY
RW2646,Nash,Jack,,7/18/2010,CH,,,Plant 2,PPO,FAMILY
RW2646,Nash,Zoe,,4/9/2014,CH,,,Plant 2,PPO,FAMILY
RW3039,Nash,David,7858,11/19/1973,EE,7/3/2008,,Office,PPO,EMP ONLY
RW1118,Nguyen,Thanh,6639,6/21/1971,EE,9/8/2014,,Office,PPO,FAMILY
RW1118,Nguyen,Mai,7536,2/14/1973,SP,,,Office,PPO,FAMILY
RW1118,Nguyen,Kyle,,5/2/2000,CH,,,Office,PPO,FAMILY
RW1118,Nguyen,Lily,,10/30/2008,CH,,,Office,PPO,FAMILY
RW2265,Novak,Crystal,6100,2/28/1988,EE,3/12/2022,,Plant 1,PPO,FAMILY
RW2265,Novak,Marcus,5043,4/20/1992,SP,,,Plant 1,PPO,FAMILY
RW2265,Novak,Ruby,,10/15/2012,CH,,,Plant 1,PPO,FAMILY
RW2265,Novak,Ava,,11/4/2013,CH,,,Plant 1,PPO,FAMILY
RW2265,Novak,Grace,,7/21/2015,CH,,,Plant 1,PPO,FAMILY
RW2961,Novak,Kevin,5652,5/5/1998,EE,11/27/2016,,Plant 2,PPO,EMP ONLY
RW3841,Novak,Brenda,6695,8/8/1979,EE,9/18/2017,,Plant 1,PPO,EMP+CHILD(REN)
RW3841,Novak,Ella,,1/24/2016,CH,,,Plant 1,PPO,EMP+CHILD(REN)
RW4821,Novak,David,3370,3/12/1988,EE,1/7/2010,,Plant 1,PPO,EMP ONLY
RW1036,Olsen,Derek,1629,12/17/1977,EE,4/15/2016,,Plant 1,PPO,EMP ONLY
RW3227,Olsen,Mark,8612,2/1/1990,EE,11/20/2022,,Plant 2,HSA,EMP+SPOUSE
RW3227,Olsen,Brenda,7574,5/10/1990,SP,,,Plant 2,HSA,EMP+SPOUSE
RW3609,Olsen,Carlos,9991,8/26/1981,EE,4/12/2018,,Plant 2,PPO,EMP ONLY
RW2181,Owens,Donna,5401,8/10/1976,EE,9/11/2021,,Plant 1,PPO,EMP ONLY
RW3783,Owens,Brian,3788,10/9/1984,EE,10/22/2016,,Plant 1,HSA,EMP ONLY
RW4570,Perez,Monica,2752,4/7/1981,EE,6/28/2020,,Plant 1,PPO,EMP+CHILD(REN)
RW4570,Perez,Jack,,7/16/2006,CH,,,Plant 1,PPO,EMP+CHILD(REN)
RW2781,Porter,Dale,9532,3/11/1979,EE,5/14/2019,7/31/2026,Plant 1,PPO,EMP ONLY
RW4464,Pruitt,Susan,5484,8/25/1976,EE,6/15/2015,,Plant 2,PPO,EMP ONLY
RW3390,Quinn,Linda,4899,8/27/1974,EE,3/18/2025,,Plant 2,PPO,FAMILY
RW3390,Quinn,Robert,9874,4/18/1973,SP,,,Plant 2,PPO,FAMILY
RW3390,Quinn,Olivia,,7/18/2012,CH,,,Plant 2,PPO,FAMILY
RW3390,Quinn,Zoe,,1/1/2018,CH,,,Plant 2,PPO,FAMILY
RW4213,Quinn,Erin,2456,4/24/1973,EE,12/26/2015,,Plant 2,PPO,EMP ONLY
RW4350,Quinn,Tyler,2665,10/18/1985,EE,8/10/2021,,Plant 1,PPO,FAMILY
RW4350,Quinn,Mary,4351,12/10/1986,SP,,,Plant 1,PPO,FAMILY
RW4350,Quinn,Lily,,3/26/2015,CH,,,Plant 1,PPO,FAMILY
RW4350,Quinn,Eli,,10/11/2021,CH,,,Plant 1,PPO,FAMILY
RW4350,Quinn,Mia,,4/13/2022,CH,,,Plant 1,PPO,FAMILY
RW4547,Quinn,Brian,5345,6/21/1978,EE,3/18/2010,,Plant 2,HSA,EMP ONLY
RW4292,Ramos,Hector,4512,9/2/1970,EE,2/3/2011,,Plant 2,PPO,EMP+SPOUSE
RW4292,Ramos,Elena,5287,12/19/1972,SP,,,Plant 2,PPO,EMP+SPOUSE
RW4698,Reed,Mark,8334,10/6/1980,EE,2/14/2014,,Plant 2,PPO,EMP ONLY
RW1251,Rhodes,Gavin,8973,11/28/1991,EE,12/7/2010,,Plant 1,HSA,EMP+SPOUSE
RW1251,Rhodes,Susan,9391,2/12/1989,SP,,,Plant 1,HSA,EMP+SPOUSE
RW1475,Rhodes,James,8073,5/13/2002,EE,9/18/2017,,Plant 2,PPO,FAMILY
RW1475,Rhodes,Kimberly,5216,4/7/2004,SP,,,Plant 2,PPO,FAMILY
RW1475,Rhodes,Olivia,,3/2/2025,CH,,,Plant 2,PPO,FAMILY
RW2413,Rhodes,Daniel,5522,8/21/1964,EE,9/2/2017,,Plant 1,PPO,EMP+CHILD(REN)
RW2413,Rhodes,Chloe,,5/15/2021,CH,,,Plant 1,PPO,EMP+CHILD(REN)
RW4559,Sanders,Cody,2952,1/24/1973,EE,6/2/2018,,Plant 2,HSA,EMP+SPOUSE
RW4559,Sanders,Crystal,1865,4/24/1971,SP,,,Plant 2,HSA,EMP+SPOUSE
RW4941,Sanders,Donna,5240,8/6/2002,EE,8/23/2011,,Plant 2,PPO,FAMILY
RW4941,Sanders,Aaron,8850,11/9/2004,SP,,,Plant 2,PPO,FAMILY
RW4941,Sanders,Noah,,8/9/2026,CH,,,Plant 2,PPO,FAMILY
RW1116,Torres,Laura,9383,4/2/1998,EE,2/3/2019,,Plant 1,HSA,EMP ONLY
RW2402,Torres,Cody,1919,12/4/1997,EE,10/1/2018,,Plant 1,PPO,EMP+SPOUSE
RW2402,Torres,Lisa,3010,1/5/2000,SP,,,Plant 1,PPO,EMP+SPOUSE
RW2708,Torres,Ryan,5000,3/27/1966,EE,8/6/2015,,Plant 2,HSA,EMP ONLY
RW3789,Torres,Lisa,6031,12/2/1992,EE,8/13/2012,,Plant 1,PPO,EMP+SPOUSE
RW3789,Torres,Ryan,9418,9/10/1991,SP,,,Plant 1,PPO,EMP+SPOUSE
RW4599,Torres,Derek,4202,2/25/1991,EE,9/20/2022,,Plant 1,PPO,FAMILY
RW4599,Torres,Linda,6798,2/6/1993,SP,,,Plant 1,PPO,FAMILY
RW4599,Torres,Ruby,,4/14/2019,CH,,,Plant 1,PPO,FAMILY
RW1959,Underwood,Paul,3350,9/25/1997,EE,3/18/2016,,Plant 2,PPO,EMP+SPOUSE
RW1959,Underwood,Susan,5389,10/15/1997,SP,,,Plant 2,PPO,EMP+SPOUSE
RW4151,Vance,Donna,2773,8/25/2002,EE,1/1/2012,,Plant 1,PPO,EMP+CHILD(REN)
RW4151,Vance,Lucas,,3/16/2023,CH,,,Plant 1,PPO,EMP+CHILD(REN)
RW4676,Vance,Luis,2584,2/25/1982,EE,7/8/2011,,Plant 1,PPO,EMP+CHILD(REN)
RW4676,Vance,Eli,,11/14/2011,CH,,,Plant 1,PPO,EMP+CHILD(REN)
RW4676,Vance,Mason,,11/4/2022,CH,,,Plant 1,PPO,EMP+CHILD(REN)
RW2634,Vasquez,Tyler,4202,11/6/1965,EE,11/23/2015,,Plant 1,HSA,EMP+CHILD(REN)
RW2634,Vasquez,Ruby,,1/15/2008,CH,,,Plant 1,HSA,EMP+CHILD(REN)
RW1367,Walker,Jason,9815,5/10/1988,EE,11/3/2024,,Plant 2,PPO,EMP ONLY
RW1735,Walker,Ryan,9832,3/6/1977,EE,3/24/2025,,Plant 2,PPO,FAMILY
RW1735,Walker,Mary,2911,11/23/1973,SP,,,Plant 2,PPO,FAMILY
RW1735,Walker,Olivia,,4/5/2006,CH,,,Plant 2,PPO,FAMILY
RW1735,Walker,Caleb,,3/20/2008,CH,,,Plant 2,PPO,FAMILY
RW1735,Walker,Emma,,5/7/2014,CH,,,Plant 2,PPO,FAMILY
RW2115,Walker,Adam,3247,10/21/1998,EE,6/23/2008,,Plant 2,HSA,EMP ONLY
RW4436,Walker,Donna,1601,11/16/1983,EE,5/16/2023,,Plant 1,PPO,EMP+CHILD(REN)
RW4436,Walker,Emma,,6/9/2010,CH,,,Plant 1,PPO,EMP+CHILD(REN)
RW1242,Warren,Linda,6425,4/3/1994,EE,10/27/2024,,Plant 1,PPO,EMP+CHILD(REN)
RW1242,Warren,Sophia,,11/8/2018,CH,,,Plant 1,PPO,EMP+CHILD(REN)
RW1242,Warren,Mia,,11/13/2022,CH,,,Plant 1,PPO,EMP+CHILD(REN)
RW1261,Warren,Derek,6154,3/9/1993,EE,6/9/2024,,Plant 1,PPO,EMP ONLY
RW2652,Warren,Marcus,6831,2/9/2001,EE,3/28/2023,,Plant 1,PPO,EMP ONLY
RW2701,Warren,Derek,7179,4/25/1966,EE,7/19/2008,,Plant 2,HSA,EMP ONLY
RW2952,Warren,Derek,8539,5/27/1995,EE,12/12/2017,,Plant 2,PPO,EMP ONLY
RW2132,Young,Eric,4585,4/11/2000,EE,6/19/2008,,Plant 2,PPO,EMP ONLY
RW4856,Young,Megan,9554,11/23/1990,EE,12/5/2011,,Plant 1,HSA,EMP ONLY
RW2927,Zimmerman,Andre,3297,8/13/1993,EE,12/7/2021,,Plant 2,PPO,EMP ONLY
RW4325,Zimmerman,Ashley,1407,11/28/1994,EE,7/26/2021,,Plant 1,HSA,EMP ONLY
