Stmt Period,Writing Agent NPN,Writing Agent,Member ID,Member Name,Plan,Eff Date,Comm Type,Months,Comm Amount,Notes
09/2026,18094472,ALICIA DURAN,CH136018956,"DILLARD, LARRY",Crestline Advantage PPO,05/01/2026,NEW,1,57.50,
09/2026,18094472,ALICIA DURAN,CH403774388,"DUNN, JOYCE",Crestline Advantage PPO,01/01/2021,RENEWAL,1,28.75,
09/2026,18094472,ALICIA DURAN,CH455215875,"DUNN, JUDITH",Crestline Advantage PPO,01/01/2020,RENEWAL,1,28.75,
09/2026,18094472,ALICIA DURAN,CH937240804,"GRIFFIN, WALTER",Crestline Advantage HMO,05/01/2026,NEW,1,57.50,
09/2026,18094472,ALICIA DURAN,CH161902881,"INGRAM, PATRICIA",Crestline Advantage PPO,01/01/2022,RENEWAL,1,28.75,
09/2026,18094472,ALICIA DURAN,CH567684033,"KIRBY, HAROLD",Crestline Advantage HMO,01/01/2024,RENEWAL,1,28.75,
09/2026,18094472,ALICIA DURAN,CH878675516,"OAKLEY, CAROL",Crestline Advantage PPO,01/01/2024,RENEWAL,1,28.75,
09/2026,18094472,ALICIA DURAN,CH537128093,"PRATT, RONALD",Crestline Advantage HMO,01/01/2023,RENEWAL,1,28.75,
09/2026,18094472,ALICIA DURAN,CH319450572,"PRATT, SHARON",Crestline Advantage HMO,01/01/2025,RENEWAL,1,28.75,
09/2026,18094472,ALICIA DURAN,CH246349150,"RAMSEY, JUDITH",Crestline Advantage HMO,04/01/2026,NEW,1,57.50,
09/2026,18094472,ALICIA DURAN,CH242346524,"TIDWELL, RAYMOND",Crestline Advantage PPO,08/01/2026,NEW,1,57.50,
09/2026,19011387,BRANDON SYKES,CH973751270,"ABBOTT, SHIRLEY",Crestline Advantage PPO,01/01/2024,RENEWAL,1,28.75,
09/2026,19011387,BRANDON SYKES,CH988048405,"DILLARD, EUGENE",Crestline Advantage PPO,01/01/2020,RENEWAL,1,28.75,
09/2026,19011387,BRANDON SYKES,CH299688173,"FOSTER, EARL",Crestline Advantage HMO,01/01/2026,NEW,1,57.50,
09/2026,19011387,BRANDON SYKES,CH163184958,"HARMON, BRENDA",Crestline Advantage PPO,01/01/2020,RENEWAL,1,28.75,
09/2026,19011387,BRANDON SYKES,CH506094711,"JENKINS, BETTY",Crestline Advantage HMO,01/01/2025,RENEWAL,1,28.75,
09/2026,19011387,BRANDON SYKES,CH787955634,"KIRBY, BARBARA",Crestline Advantage HMO,04/01/2026,NEW,1,57.50,
09/2026,19011387,BRANDON SYKES,CH795060635,"KIRBY, JOYCE",Crestline Advantage PPO,01/01/2021,RENEWAL,1,28.75,
09/2026,19011387,BRANDON SYKES,CH880770066,"MADDOX, DENNIS",Crestline Advantage HMO,05/01/2026,RENEWAL,1,28.75,
09/2026,19011387,BRANDON SYKES,CH598431000,"YATES, DENNIS",Crestline Advantage HMO,01/01/2021,RENEWAL,1,28.75,
09/2026,19011387,BRANDON SYKES,CH867271968,"YATES, SHIRLEY",Crestline Advantage PPO,01/01/2026,NEW,1,57.50,
09/2026,16652038,JANET KOWALSKI,CH753386740,"CALDWELL, DOROTHY",Crestline Advantage PPO,02/01/2026,NEW,1,57.50,
09/2026,16652038,JANET KOWALSKI,CH181224981,"DILLARD, MARGARET",Crestline Advantage PPO,01/01/2022,RENEWAL,1,28.75,
09/2026,16652038,JANET KOWALSKI,CH495913081,"DILLARD, SHIRLEY",Crestline Advantage HMO,01/01/2021,RENEWAL,1,28.75,
09/2026,16652038,JANET KOWALSKI,CH376272692,"DUNN, DENNIS",Crestline Advantage PPO,04/01/2026,NEW,1,57.50,
09/2026,16652038,JANET KOWALSKI,CH752003230,"DUNN, FRANK",Crestline Advantage PPO,03/01/2026,RENEWAL,1,28.75,
09/2026,16652038,JANET KOWALSKI,CH860715649,"FOSTER, HAROLD",Crestline Advantage HMO,02/01/2026,NEW,1,57.50,
09/2026,16652038,JANET KOWALSKI,CH692019871,"HENSLEY, ROGER",Crestline Advantage HMO,01/01/2024,RENEWAL,1,28.75,
09/2026,16652038,JANET KOWALSKI,CH143924653,"LUSK, EARL",Crestline Advantage PPO,01/01/2021,RENEWAL,1,28.75,
09/2026,16652038,JANET KOWALSKI,CH747362270,"OAKLEY, EUGENE",Crestline Advantage PPO,01/01/2020,RENEWAL,1,28.75,
09/2026,16652038,JANET KOWALSKI,CH993959002,"RECTOR, EARL",Crestline Advantage HMO,02/01/2026,NEW,1,57.50,
09/2026,16652038,JANET KOWALSKI,CH389353920,"TIDWELL, CLYDE",Crestline Advantage HMO,01/01/2020,RENEWAL,1,28.75,
09/2026,16652038,JANET KOWALSKI,CH314771396,"YATES, EUGENE",Crestline Advantage PPO,01/01/2020,RENEWAL,1,28.75,
09/2026,17730215,MARCUS WEBB,CH835394709,"BLEVINS, MARILYN",Crestline Advantage HMO,01/01/2021,RENEWAL,1,28.75,
09/2026,17730215,MARCUS WEBB,CH839764410,"DILLARD, EARL",Crestline Advantage PPO,03/01/2026,NEW,1,57.50,
09/2026,17730215,MARCUS WEBB,CH444645914,"FOSTER, JOYCE",Crestline Advantage HMO,01/01/2026,NEW,1,57.50,
09/2026,17730215,MARCUS WEBB,CH296753860,"GRIFFIN, HAROLD",Crestline Advantage PPO,01/01/2024,RENEWAL,1,28.75,
09/2026,17730215,MARCUS WEBB,CH981956584,"INGRAM, EUGENE",Crestline Advantage HMO,04/01/2026,NEW,1,57.50,
09/2026,17730215,MARCUS WEBB,CH443198525,"LOWERY, BRENDA",Crestline Advantage HMO,06/01/2026,NEW,1,57.50,
09/2026,17730215,MARCUS WEBB,CH789306623,"LOWERY, SHARON",Crestline Advantage PPO,01/01/2025,RENEWAL,1,28.75,
09/2026,17730215,MARCUS WEBB,CH750180992,"NEWSOME, WAYNE",Crestline Advantage PPO,01/01/2020,RENEWAL,1,28.75,
09/2026,17730215,MARCUS WEBB,CH570904773,"UPTON, CAROL",Crestline Advantage PPO,01/01/2021,RENEWAL,1,28.75,
09/2026,17730215,MARCUS WEBB,CH637215219,"UPTON, ROGER",Crestline Advantage HMO,01/01/2025,RENEWAL,1,28.75,
09/2026,17730215,MARCUS WEBB,CH347837739,"VAUGHN, MARGARET",Crestline Advantage HMO,01/01/2023,RENEWAL,1,28.75,
09/2026,18457720,MEI LIN ZHAO,CH792746949,"DUNN, EARL",Crestline Advantage HMO,01/01/2022,RENEWAL,1,28.75,
09/2026,18457720,MEI LIN ZHAO,CH740142489,"FOSTER, CLYDE",Crestline Advantage HMO,01/01/2022,RENEWAL,1,28.75,
09/2026,18457720,MEI LIN ZHAO,CH620736456,"HENSLEY, CLYDE",Crestline Advantage HMO,07/01/2026,NEW,1,57.50,
09/2026,18457720,MEI LIN ZHAO,CH510100587,"HENSLEY, DENNIS",Crestline Advantage PPO,01/01/2025,RENEWAL,1,28.75,
09/2026,18457720,MEI LIN ZHAO,CH308809170,"JENKINS, HAROLD",Crestline Advantage HMO,01/01/2026,NEW,1,57.50,
09/2026,18457720,MEI LIN ZHAO,CH132215153,"LUSK, MARILYN",Crestline Advantage PPO,01/01/2022,RENEWAL,1,28.75,
09/2026,18457720,MEI LIN ZHAO,CH948657943,"NEWSOME, RAYMOND",Crestline Advantage HMO,01/01/2021,RENEWAL,1,28.75,
09/2026,18457720,MEI LIN ZHAO,CH434493403,"TIDWELL, WALTER",Crestline Advantage PPO,01/01/2025,RENEWAL,1,28.75,
09/2026,18820456,TERRENCE HOLLIS,CH539957199,"FOSTER, FRANK",Crestline Advantage HMO,08/01/2026,NEW,1,57.50,
09/2026,18820456,TERRENCE HOLLIS,CH664841865,"GRIFFIN, PATRICIA",Crestline Advantage HMO,01/01/2025,RENEWAL,1,28.75,
09/2026,18820456,TERRENCE HOLLIS,CH641685566,"GRIFFIN, RONALD",Crestline Advantage PPO,01/01/2024,RENEWAL,1,28.75,
09/2026,18820456,TERRENCE HOLLIS,CH158212869,"INGRAM, BETTY",Crestline Advantage HMO,01/01/2020,RENEWAL,1,28.75,
09/2026,18820456,TERRENCE HOLLIS,CH705536907,"LOWERY, RAYMOND",Crestline Advantage HMO,05/01/2026,NEW,1,57.50,
09/2026,18820456,TERRENCE HOLLIS,CH122540616,"LUSK, DONALD",Crestline Advantage HMO,01/01/2022,RENEWAL,1,28.75,
09/2026,18820456,TERRENCE HOLLIS,CH394090563,"PRATT, ROGER",Crestline Advantage HMO,06/01/2026,CHARGEBACK,-3,-172.50,"Disenrolled 08/31/2026, within 3 months"
09/2026,18820456,TERRENCE HOLLIS,CH446643893,"RAMSEY, RAYMOND",Crestline Advantage HMO,01/01/2023,RENEWAL,1,28.75,
09/2026,18820456,TERRENCE HOLLIS,CH405588107,"RECTOR, BARBARA",Crestline Advantage PPO,01/01/2020,RENEWAL,1,28.75,
09/2026,18820456,TERRENCE HOLLIS,CH560122953,"SATTERFIELD, SHIRLEY",Crestline Advantage PPO,01/01/2021,RENEWAL,1,28.75,
09/2026,18820456,TERRENCE HOLLIS,CH551662919,"UPTON, LARRY",Crestline Advantage PPO,01/01/2026,NEW,1,57.50,
